{
  "total_admissions": 1200,
  "admissions_with_labs": 1053,
  "admissions_without_labs": 147,
  "lab_statistics": {
    "%_Hemoglobin_A1c": {
      "count": 40,
      "missing_count": 1160,
      "missing_pct": 96.66666666666667,
      "mean": 6.505,
      "std": 1.9774303449757136,
      "min": 4.5,
      "q1": 5.5,
      "median": 5.9,
      "q3": 6.699999999999999,
      "max": 15.2
    },
    "Albumin": {
      "count": 317,
      "missing_count": 883,
      "missing_pct": 73.58333333333333,
      "mean": 3.5545741324921143,
      "std": 0.7094878423501552,
      "min": 1.6,
      "q1": 3.1,
      "median": 3.6,
      "q3": 4.0,
      "max": 5.4
    },
    "Basophils": {
      "count": 610,
      "missing_count": 590,
      "missing_pct": 49.166666666666664,
      "mean": 0.43327868852459017,
      "std": 0.41868204077702353,
      "min": 0.0,
      "q1": 0.2,
      "median": 0.4,
      "q3": 0.6,
      "max": 4.0
    },
    "Bilirubin,_Direct": {
      "count": 30,
      "missing_count": 1170,
      "missing_pct": 97.5,
      "mean": 2.916666666666666,
      "std": 4.634435079461911,
      "min": 0.0,
      "q1": 0.2,
      "median": 1.2,
      "q3": 2.925,
      "max": 20.7
    },
    "Bilirubin,_Indirect": {
      "count": 31,
      "missing_count": 1169,
      "missing_pct": 97.41666666666666,
      "mean": 1.532258064516129,
      "std": 2.0065537781270972,
      "min": 0.0,
      "q1": 0.3,
      "median": 0.8,
      "q3": 1.75,
      "max": 9.1
    },
    "Bilirubin,_Total": {
      "count": 422,
      "missing_count": 778,
      "missing_pct": 64.83333333333333,
      "mean": 1.7146919431279621,
      "std": 3.7840109016030032,
      "min": 0.0,
      "q1": 0.4,
      "median": 0.6,
      "q3": 1.2,
      "max": 34.3
    },
    "C-Reactive_Protein": {
      "count": 28,
      "missing_count": 1172,
      "missing_pct": 97.66666666666667,
      "mean": 74.62857142857142,
      "std": 75.2809299404465,
      "min": 0.8,
      "q1": 16.125,
      "median": 43.6,
      "q3": 109.675,
      "max": 226.6
    },
    "Calcium,_Total": {
      "count": 547,
      "missing_count": 653,
      "missing_pct": 54.41666666666667,
      "mean": 8.784826325411332,
      "std": 0.979687528210948,
      "min": 5.6,
      "q1": 8.2,
      "median": 8.8,
      "q3": 9.3,
      "max": 15.6
    },
    "Calculated_Bicarbonate,_Whole_Blood": {
      "count": 38,
      "missing_count": 1162,
      "missing_pct": 96.83333333333334,
      "mean": 22.92105263157895,
      "std": 5.106337233585439,
      "min": 9.0,
      "q1": 22.0,
      "median": 24.0,
      "q3": 25.75,
      "max": 31.0
    },
    "Calculated_Total_CO2": {
      "count": 212,
      "missing_count": 988,
      "missing_pct": 82.33333333333334,
      "mean": 23.891509433962263,
      "std": 6.000199331989501,
      "min": 6.0,
      "q1": 20.0,
      "median": 24.0,
      "q3": 28.0,
      "max": 43.0
    },
    "Chloride,_Whole_Blood": {
      "count": 89,
      "missing_count": 1111,
      "missing_pct": 92.58333333333333,
      "mean": 102.69662921348315,
      "std": 5.137660624301737,
      "min": 88.0,
      "q1": 100.0,
      "median": 103.0,
      "q3": 107.0,
      "max": 112.0
    },
    "Creatine_Kinase_CK": {
      "count": 206,
      "missing_count": 994,
      "missing_pct": 82.83333333333334,
      "mean": 421.79126213592235,
      "std": 1368.3750021320407,
      "min": 15.0,
      "q1": 53.75,
      "median": 112.0,
      "q3": 231.75,
      "max": 14948.0
    },
    "Creatinine": {
      "count": 913,
      "missing_count": 287,
      "missing_pct": 23.916666666666668,
      "mean": 1.5763417305585978,
      "std": 1.7832090201117665,
      "min": 0.0,
      "q1": 0.8,
      "median": 1.0,
      "q3": 1.5,
      "max": 24.7
    },
    "Creatinine,_Whole_Blood": {
      "count": 6,
      "missing_count": 1194,
      "missing_pct": 99.5,
      "mean": 3.2833333333333337,
      "std": 4.121852334408242,
      "min": 0.6,
      "q1": 1.1,
      "median": 1.85,
      "q3": 2.75,
      "max": 11.5
    },
    "D-Dimer": {
      "count": 13,
      "missing_count": 1187,
      "missing_pct": 98.91666666666666,
      "mean": 3466.0,
      "std": 4833.2333035626025,
      "min": 152.0,
      "q1": 644.0,
      "median": 1013.0,
      "q3": 4497.0,
      "max": 17932.0
    },
    "Eosinophils": {
      "count": 610,
      "missing_count": 590,
      "missing_pct": 49.166666666666664,
      "mean": 1.8296721311475408,
      "std": 3.1442529569858615,
      "min": 0.0,
      "q1": 0.3,
      "median": 1.1,
      "q3": 2.475,
      "max": 50.4
    },
    "Ferritin": {
      "count": 37,
      "missing_count": 1163,
      "missing_pct": 96.91666666666666,
      "mean": 5751.643243243243,
      "std": 30912.466283187263,
      "min": 3.8,
      "q1": 171.0,
      "median": 413.0,
      "q3": 959.0,
      "max": 188650.0
    },
    "Folate": {
      "count": 14,
      "missing_count": 1186,
      "missing_pct": 98.83333333333333,
      "mean": 11.75,
      "std": 4.801402038827986,
      "min": 4.0,
      "q1": 7.2,
      "median": 12.350000000000001,
      "q3": 14.975,
      "max": 19.8
    },
    "Glucose": {
      "count": 889,
      "missing_count": 311,
      "missing_pct": 25.916666666666664,
      "mean": 140.2339707536558,
      "std": 71.91662883051451,
      "min": 26.0,
      "q1": 98.0,
      "median": 116.0,
      "q3": 159.0,
      "max": 685.0
    },
    "Hematocrit": {
      "count": 936,
      "missing_count": 264,
      "missing_pct": 22.0,
      "mean": 34.247542735042735,
      "std": 6.6695007267932604,
      "min": 10.5,
      "q1": 29.8,
      "median": 34.3,
      "q3": 38.8,
      "max": 54.3
    },
    "Hemoglobin": {
      "count": 922,
      "missing_count": 278,
      "missing_pct": 23.166666666666664,
      "mean": 11.309652928416487,
      "std": 2.3495798799592977,
      "min": 2.8,
      "q1": 9.8,
      "median": 11.3,
      "q3": 12.9,
      "max": 18.3
    },
    "Lactate": {
      "count": 402,
      "missing_count": 798,
      "missing_pct": 66.5,
      "mean": 2.5965174129353232,
      "std": 2.44635976925792,
      "min": 0.5,
      "q1": 1.3,
      "median": 1.8,
      "q3": 2.8,
      "max": 18.0
    },
    "NTproBNP": {
      "count": 78,
      "missing_count": 1122,
      "missing_pct": 93.5,
      "mean": 6246.179487179487,
      "std": 11042.910324497727,
      "min": 10.0,
      "q1": 567.0,
      "median": 2425.5,
      "q3": 7381.25,
      "max": 66177.0
    },
    "O2_Flow": {
      "count": 9,
      "missing_count": 1191,
      "missing_pct": 99.25,
      "mean": 15.811111111111112,
      "std": 23.673215056496048,
      "min": 1.0,
      "q1": 2.0,
      "median": 3.0,
      "q3": 15.0,
      "max": 63.0
    },
    "Oxygen": {
      "count": 47,
      "missing_count": 1153,
      "missing_pct": 96.08333333333333,
      "mean": 77.95744680851064,
      "std": 27.105235694145005,
      "min": 20.0,
      "q1": 56.0,
      "median": 100.0,
      "q3": 100.0,
      "max": 100.0
    },
    "PT": {
      "count": 610,
      "missing_count": 590,
      "missing_pct": 49.166666666666664,
      "mean": 17.19688524590164,
      "std": 9.922181953374666,
      "min": 9.8,
      "q1": 12.025,
      "median": 13.5,
      "q3": 16.975,
      "max": 97.6
    },
    "PTT": {
      "count": 599,
      "missing_count": 601,
      "missing_pct": 50.083333333333336,
      "mean": 35.53739565943239,
      "std": 18.73615262746455,
      "min": 18.9,
      "q1": 27.3,
      "median": 30.6,
      "q3": 36.45,
      "max": 150.0
    },
    "Potassium": {
      "count": 908,
      "missing_count": 292,
      "missing_pct": 24.333333333333336,
      "mean": 4.306828193832599,
      "std": 0.785043250655964,
      "min": 2.0,
      "q1": 3.8,
      "median": 4.2,
      "q3": 4.7,
      "max": 9.4
    },
    "RDW": {
      "count": 909,
      "missing_count": 291,
      "missing_pct": 24.25,
      "mean": 15.246754675467546,
      "std": 2.447988234161963,