{
  "total_admissions": 1200,
  "admissions_with_labs": 1155,
  "admissions_without_labs": 45,
  "coverage_rate": 96.25,
  "lab_statistics": {
    "%_Hemoglobin_A1c": {
      "count": 94,
      "missing_count": 1106,
      "missing_pct": 92.16666666666666,
      "mean": 6.513829787234042,
      "std": 1.88026542760403,
      "min": 3.7,
      "q1": 5.4,
      "median": 5.8,
      "q3": 7.1,
      "max": 15.2,
      "day_sources": {
        "day_minus1": 2,
        "day0": 43,
        "day_plus1": 49
      }
    },
    "Albumin": {
      "count": 546,
      "missing_count": 654,
      "missing_pct": 54.50000000000001,
      "mean": 3.501098901098901,
      "std": 0.7162073154059458,
      "min": 1.0,
      "q1": 3.1,
      "median": 3.6,
      "q3": 4.0,
      "max": 5.4,
      "day_sources": {
        "day_minus1": 50,
        "day0": 406,
        "day_plus1": 90
      }
    },
    "Basophils": {
      "count": 919,
      "missing_count": 281,
      "missing_pct": 23.416666666666668,
      "mean": 0.43514689880304674,
      "std": 0.4222498552644787,
      "min": 0.0,
      "q1": 0.2,
      "median": 0.3,
      "q3": 0.6,
      "max": 4.0,
      "day_sources": {
        "day_minus1": 108,
        "day0": 778,
        "day_plus1": 33
      }
    },
    "Bilirubin,_Direct": {
      "count": 72,
      "missing_count": 1128,
      "missing_pct": 94.0,
      "mean": 3.447222222222223,
      "std": 4.933757595004013,
      "min": 0.0,
      "q1": 0.4,
      "median": 1.7,
      "q3": 4.4750000000000005,
      "max": 26.1,
      "day_sources": {
        "day_minus1": 9,
        "day0": 39,
        "day_plus1": 24
      }
    },
    "Bilirubin,_Indirect": {
      "count": 71,
      "missing_count": 1129,
      "missing_pct": 94.08333333333333,
      "mean": 1.7253521126760563,
      "std": 1.7987867585728168,
      "min": 0.0,
      "q1": 0.5,
      "median": 1.1,
      "q3": 2.3,
      "max": 9.1,
      "day_sources": {
        "day_minus1": 9,
        "day0": 39,
        "day_plus1": 23
      }
    },
    "Bilirubin,_Total": {
      "count": 671,
      "missing_count": 529,
      "missing_pct": 44.083333333333336,
      "mean": 1.5502235469448584,
      "std": 3.5580217265593803,
      "min": 0.0,
      "q1": 0.3,
      "median": 0.5,
      "q3": 1.1,
      "max": 34.3,
      "day_sources": {
        "day_minus1": 51,
        "day0": 513,
        "day_plus1": 107
      }
    },
    "C-Reactive_Protein": {
      "count": 60,
      "missing_count": 1140,
      "missing_pct": 95.0,
      "mean": 63.769999999999996,
      "std": 65.5937892367919,
      "min": 0.2,
      "q1": 8.35,
      "median": 41.5,
      "q3": 102.875,
      "max": 226.6,
      "day_sources": {
        "day_minus1": 4,
        "day0": 32,
        "day_plus1": 24
      }
    },
    "Calcium,_Total": {
      "count": 940,
      "missing_count": 260,
      "missing_pct": 21.666666666666668,
      "mean": 8.781702127659573,
      "std": 0.8696548448035288,
      "min": 5.6,
      "q1": 8.3,
      "median": 8.8,
      "q3": 9.2,
      "max": 15.6,
      "day_sources": {
        "day_minus1": 26,
        "day0": 587,
        "day_plus1": 327
      }
    },
    "Calculated_Bicarbonate,_Whole_Blood": {
      "count": 69,
      "missing_count": 1131,
      "missing_pct": 94.25,
      "mean": 22.542028985507248,
      "std": 5.289401328214015,
      "min": 8.0,
      "q1": 21.0,
      "median": 23.0,
      "q3": 26.0,
      "max": 34.0,
      "day_sources": {
        "day_minus1": 7,
        "day0": 59,
        "day_plus1": 3
      }
    },
    "Calculated_Total_CO2": {
      "count": 303,
      "missing_count": 897,
      "missing_pct": 74.75,
      "mean": 24.554455445544555,
      "std": 5.7855871061408655,
      "min": 6.0,
      "q1": 21.5,
      "median": 25.0,
      "q3": 28.0,
      "max": 46.0,
      "day_sources": {
        "day_minus1": 5,
        "day0": 231,
        "day_plus1": 67
      }
    },
    "Chloride,_Whole_Blood": {
      "count": 146,
      "missing_count": 1054,
      "missing_pct": 87.83333333333333,
      "mean": 102.43835616438356,
      "std": 6.020622722677763,
      "min": 75.0,
      "q1": 99.0,
      "median": 102.5,
      "q3": 106.0,
      "max": 120.0,
      "day_sources": {
        "day_minus1": 10,
        "day0": 116,
        "day_plus1": 20
      }
    },
    "Creatine_Kinase_CK": {
      "count": 318,
      "missing_count": 882,
      "missing_pct": 73.5,
      "mean": 666.62893081761,
      "std": 3122.3845394235204,
      "min": 15.0,
      "q1": 52.0,
      "median": 98.0,
      "q3": 244.25,
      "max": 40240.0,
      "day_sources": {
        "day_minus1": 12,
        "day0": 238,
        "day_plus1": 68
      }
    },
    "Creatinine": {
      "count": 1126,
      "missing_count": 74,
      "missing_pct": 6.166666666666667,
      "mean": 1.544582593250444,
      "std": 1.7487473494714445,
      "min": 0.0,
      "q1": 0.8,
      "median": 1.0,
      "q3": 1.5,
      "max": 24.7,
      "day_sources": {
        "day_minus1": 50,
        "day0": 998,
        "day_plus1": 78
      }
    },
    "Creatinine,_Whole_Blood": {
      "count": 11,
      "missing_count": 1189,
      "missing_pct": 99.08333333333333,
      "mean": 3.072727272727273,
      "std": 3.7767951782141718,
      "min": 0.6,
      "q1": 0.9500000000000001,
      "median": 1.1,
      "q3": 2.7,
      "max": 11.5,
      "day_sources": {
        "day_minus1": 0,
        "day0": 11,
        "day_plus1": 0
      }
    },
    "D-Dimer": {
      "count": 22,
      "missing_count": 1178,
      "missing_pct": 98.16666666666667,
      "mean": 3863.681818181818,
      "std": 4939.4050961085595,
      "min": 152.0,
      "q1": 652.75,
      "median": 2042.0,
      "q3": 4609.25,
      "max": 17932.0,
      "day_sources": {
        "day_minus1": 2,
        "day0": 16,
        "day_plus1": 4
      }
    },
    "Eosinophils": {
      "count": 919,
      "missing_count": 281,
      "missing_pct": 23.416666666666668,
      "mean": 1.6620239390642,
      "std": 2.696032070938859,
      "min": 0.0,
      "q1": 0.3,
      "median": 1.0,
      "q3": 2.3,
      "max": 50.4,
      "day_sources": {
        "day_minus1": 108,
        "day0": 778,
        "day_plus1": 33
      }
    },
    "Ferritin": {
      "count": 84,
      "missing_count": 1116,
      "missing_pct": 93.0,
      "mean": 2890.477380952381,
      "std": 20548.44389054157,
      "min": 3.8,
      "q1": 89.0,
      "median": 249.5,
      "q3": 923.0,
      "max": 188650.0,
      "day_sources": {
        "day_minus1": 7,
        "day0": 40,
        "day_plus1": 37
      }
    },
    "Folate": {
      "count": 26,
      "missing_count": 1174,
      "missing_pct": 97.83333333333334,
      "mean": 12.16923076923077,
      "std": 4.672281603736593,
      "min": 4.0,
      "q1": 8.15,
      "median": 12.7,
      "q3": 15.275,
      "max": 20.0,
      "day_sources": {
        "day_minus1": 1,
        "day0": 17,
        "day_plus1": 8
      }
    },
    "Glucose": {
      "count": 1110,
      "missing_count": 90,
      "missing_pct": 7.5,
      "mean": 138.15675675675675,
      "std": 69.83449921582648,
      "min": 26.0,
      "q1": 97.25,
      "median": 116.0,
      "q3": 154.75,
      "max": 744.0,
      "day_sources": {
        "day_minus1": 53,
        "day0": 935,
        "day_plus1": 122
      }
    },
    "Hematocrit": {
      "count": 1148,
      "missing_count": 52,
      "missing_pct": 4.333333333333334,
      "mean": 34.66463414634146,
      "std": 6.607177159290277,
      "min": 10.5,
      "q1": 30.375,
      "median": 34.7,
      "q3": 39.4,
      "max": 54.3,
      "day_sources": {
        "day_minus1": 52,
        "day0": 1028,
        "day_plus1": 68
      }
    },
    "Hemoglobin": {
      "count": 1143,
      "missing_count": 57,
      "missing_pct": 4.75,
      "mean": 11.385389326334208,
      "std": 2.3537699391031675,
      "min": 2.8,
      "q1": 9.8,
      "median": 11.3,
      "q3": 13.0,
      "max": 18.3,