{
  "dataset": "Essential",
  "validation": "Time-based Split (70:30)",
  "random_forest": {
    "death_binary": {
      "auroc": 0.7716666666666666,
      "f1_score": 0.7157894736842105,
      "precision": 0.68,
      "recall": 0.7555555555555555
    },
    "hospital_death": {
      "auroc": 0.8144627397725344,
      "f1_score": 0.416,
      "precision": 0.6666666666666666,
      "recall": 0.3023255813953488
    },
    "los_days": {
      "mae": 5.082290277050168,
      "rmse": 10.472497061832142,
      "r2": 0.12048666400933905
    }
  },
  "xgboost": {
    "death_binary": {
      "auroc": 0.7895216049382716,
      "f1_score": 0.7189189189189189,
      "precision": 0.7,
      "recall": 0.7388888888888889
    },
    "hospital_death": {
      "auroc": 0.8123832965540655,
      "f1_score": 0.47619047619047616,
      "precision": 0.5737704918032787,
      "recall": 0.4069767441860465
    },
    "los_days": {
      "mae": 5.394812785223942,
      "rmse": 11.315930094557832,
      "r2": -0.026886504713806714
    }
  }
}