cluster,n_samples,mortality_rate,hospital_death_rate,mean_los,mean_age,male_ratio
1,309,0.6440129449838188,0.313915857605178,9.943552229413879,63.59546925566343,0.4627831715210356
2,360,0.3277777777777778,0.125,4.4095814043209876,59.09722222222222,0.5944444444444444
3,256,0.359375,0.1484375,4.753664822048611,61.02734375,0.38671875
4,275,0.6945454545454546,0.43636363636363634,6.509507575757575,71.59272727272727,0.6036363636363636
