label,itemid,count,mean,std,min,max
Glucose,50931,70096,137.59052320687147,73.9270373540451,4.0,3200.0
Glucose,50809,4329,151.9578651685393,70.4771748450159,14.0,844.0
Hemoglobin,51222,75804,10.185476536682089,2.0874022104884724,0.0,20.4
Hemoglobin,50811,2046,9.974437927663734,2.254990998373742,0.0,19.8
pH,50820,15586,7.358652883010145,0.10107555460202931,6.46,7.78
pH,50831,178,7.419661016949153,0.19636439429460525,6.55,8.6
