{
  "summary": {
    "total_icu_stays": 451,
    "unique_patients": 375,
    "unique_admissions": 378,
    "icu_units": 9
  },
  "overall_los": {
    "mean": 4.317255199351235,
    "median": 2.2997916666666667,
    "std": 6.017165501792086,
    "min": 0.0118634259259259,
    "max": 65.19082175925926,
    "q1": 1.1284085648148148,
    "q3": 5.165821759259259
  },
  "icu_statistics": {
    "Neuro Surgical Intensive Care Unit (Neuro SICU)": {
      "count": 18,
      "mean": 5.6284670781893,
      "median": 3.6643287037037036,
      "std": 5.366293321600337,
      "min": 1.064826388888889,
      "max": 20.439930555555556,
      "Q1": 2.397528935185185,
      "Q3": 5.949664351851852,
      "P95": 17.33666319444444
    },
    "Coronary Care Unit (CCU)": {
      "count": 59,
      "mean": 5.3243783349027,
      "median": 3.0917939814814814,
      "std": 8.496710684517465,
      "min": 0.1829861111111111,
      "max": 61.02127314814815,
      "Q1": 1.5114814814814816,
      "Q3": 5.523194444444444,
      "P95": 13.191884259259242
    },
    "Neuro Intermediate": {
      "count": 7,
      "mean": 5.289021164021164,
      "median": 2.8949768518518515,
      "std": 6.24214983141178,
      "min": 0.3417824074074074,
      "max": 16.86892361111111,
      "Q1": 1.4554398148148149,
      "Q3": 7.003292824074074,
      "P95": 15.113711805555551
    },
    "Surgical Intensive Care Unit (SICU)": {
      "count": 68,
      "mean": 4.477511233660131,
      "median": 2.094890046296296,
      "std": 5.7193347860937305,
      "min": 0.1013425925925926,
      "max": 32.30155092592592,
      "Q1": 1.0474652777777775,
      "Q3": 5.827514467592593,
      "P95": 13.986678240740739
    },
    "Medical/Surgical Intensive Care Unit (MICU/SICU)": {
      "count": 102,
      "mean": 4.468565155228759,
      "median": 2.2105555555555556,
      "std": 7.27895312353721,
      "min": 0.0118634259259259,
      "max": 65.19082175925926,
      "Q1": 1.0170949074074074,
      "Q3": 5.550503472222221,
      "P95": 13.139949652777776
    },
    "Medical Intensive Care Unit (MICU)": {
      "count": 115,
      "mean": 3.844165760869565,
      "median": 1.990069444444444,
      "std": 4.4552098505077975,
      "min": 0.0953125,
      "max": 21.411030092592593,
      "Q1": 1.0201041666666666,
      "Q3": 4.518750000000001,
      "P95": 12.295789351851846
    },
    "Trauma SICU (TSICU)": {
      "count": 45,
      "mean": 3.692417952674897,
      "median": 2.0199652777777777,
      "std": 4.754777311058656,
      "min": 0.1998958333333333,
      "max": 19.7715625,
      "Q1": 1.1492361111111111,
      "Q3": 3.7523032407407406,
      "P95": 16.287861111111102
    },
    "Cardiac Vascular Intensive Care Unit (CVICU)": {
      "count": 36,
      "mean": 3.4730285493827164,
      "median": 2.2927777777777774,
      "std": 3.38416470703828,
      "min": 0.2677662037037037,
      "max": 14.465694444444445,
      "Q1": 1.3682841435185185,
      "Q3": 3.847771990740741,
      "P95": 10.613683449074074
    },
    "Neuro Stepdown": {
      "count": 1,
      "mean": 1.0769097222222224,
      "median": 1.0769097222222224,
      "std": NaN,
      "min": 1.0769097222222224,
      "max": 1.0769097222222224,
      "Q1": 1.0769097222222224,
      "Q3": 1.0769097222222224,
      "P95": 1.0769097222222224
    }
  },
  "los_categories": {
    "단기 (0-3일)": 262,
    "중기 (4-7일)": 111,
    "장기 (8일+)": 78
  },
  "statistical_tests": {
    "anova": {
      "f_stat": 0.7142157294304384,
      "p_value": 0.6130264017310456
    },
    "t_test": {
      "t_stat": -2.659973029062629,
      "p_value": 0.008094330944771187
    }
  },
  "mortality_analysis": {
    "hospital_death_los_mean": 4.835214139344263,
    "survival_los_mean": 3.2352176877219687,
    "mortality_rate": 67.62749445676275
  }
}